"event_id","discipline","event_title"
1,"3x3 Basketball","Men"
2,"Alpine Skiing","alpin combined men"
3,"Alpine Skiing","alpine combined men"
4,"Alpine Skiing","slalom men"
5,"Alpine Skiing","Ladies’ Downhill"
6,"Alpine Skiing","Ladies’ Giant Slalom"
7,"Alpine Skiing","Ladies’ Slalom"
8,"Alpine Skiing","Men’s Super-G"
9,"Alpine Skiing","Men’s Slalom"
10,"Alpine Skiing","Women's Giant Slalom"
11,"Alpine Skiing","Men’s Giant Slalom"
12,"Alpine Skiing","Men’s Alpine Combined"
13,"Alpine Skiing","Ladies’ Alpine Combined"
14,"Alpine Skiing","Women's Slalom"
15,"Alpine Skiing","Men's Slalom"
16,"Alpine Skiing","Men's Downhill"
17,"Alpine Skiing","Women's Super-G"
18,"Alpine Skiing","Men's Super-G"
19,"Alpine Skiing","Women's Downhill"
20,"Alpine Skiing","Mixed Team Parallel"
21,"Alpine Skiing","Men's Alpine Combined"
22,"Alpine Skiing","Men's Giant Slalom"
23,"Alpine Skiing","slalom women"
24,"Alpine Skiing","downhill women"
25,"Alpine Skiing","Women's Alpine Combined"
26,"Alpine Skiing","giant slalom men"
27,"Alpine Skiing","Alpine Team Event"
28,"Alpine Skiing","Ladies’ Super-G"
29,"Alpine Skiing","Men’s Downhill"
30,"Alpine Skiing","downhill men"
31,"Alpine Skiing","super-G men"
32,"Alpine Skiing","alpine combined women"
33,"Alpine Skiing","giant slalom women"
34,"Alpine Skiing","super-G women"
35,"Archery","Individual competition men"
36,"Archery","continental style 50m men"
37,"Archery","moving bird target 50m teams men"
38,"Archery","moving bird target 28m men"
39,"Archery","au cordon dor 33m men"
40,"Archery","moving bird target 33m men"
41,"Archery","au cordon dor 50m men"
42,"Archery","au chapelet 33m men"
43,"Archery","teams FITA round women"
44,"Archery","Individual Competition women"
45,"Archery","sur la perche à la pyramide men"
46,"Archery","individual FITA round men"
47,"Archery","individual FITA round women"
48,"Archery","au chapelet 50m men"
49,"Archery","sur la perche à la herse men"
50,"Archery","team FITA Olympic round  70m men"
51,"Archery","moving bird target 33m teams men"
52,"Archery","Championnat Du Monde Men"
53,"Archery","individual FITA Olympic round  70m men"
54,"Archery","individual FITA Olympic round  70m women"
55,"Archery","team competition men"
56,"Archery","fixed bird target small birds men"
57,"Archery","moving bird target 28m teams men"
58,"Archery","Men's Team"
59,"Archery","Mixed Team"
60,"Archery","Women's Team"
61,"Archery","fixed bird target large birds teams men"
62,"Archery","Men's Individual"
63,"Archery","Women's Individual"
64,"Archery","moving bird target 50m men"
65,"Archery","fixed bird target large birds men"
66,"Archery","fixed bird target small bird teams men"
67,"Archery","team FITA Olympic round  70m women"
68,"Artistic Gymnastics","Men's Team"
69,"Artistic Gymnastics","Women's All-Around"
70,"Artistic Gymnastics","Men's All-Around"
71,"Artistic Gymnastics","Women's Vault"
72,"Artistic Gymnastics","Men's Horizontal Bar"
73,"Artistic Gymnastics","Men's Parallel Bars"
74,"Artistic Gymnastics","Men's Vault"
75,"Artistic Gymnastics","Women's Floor Exercise"
76,"Artistic Gymnastics","Women's Uneven Bars"
77,"Artistic Gymnastics","Men's Floor Exercise"
78,"Artistic Gymnastics","Men's Rings"
79,"Artistic Gymnastics","Men's Pommel Horse"
80,"Artistic Swimming","Team"
81,"Artistic Swimming","Duet"
82,"Athletics","400m hurdles men"
83,"Athletics","long jump women"
84,"Athletics","4x400m relay men"
85,"Athletics","4x100m relay women"
86,"Athletics","400m men"
87,"Athletics","discus throw women"
88,"Athletics","high jump women"
89,"Athletics","20km walk men"
90,"Athletics","110m hurdles men"
91,"Athletics","javelin throw women"
92,"Athletics","400m hurdles women"
93,"Athletics","3000m steeplechase men"
94,"Athletics","long jump men"
95,"Athletics","100m women"
96,"Athletics","marathon men"
97,"Athletics","5000m women"
98,"Athletics","javelin throw men"
99,"Athletics","hammer throw women"
100,"Athletics","4x400m relay women"
101,"Athletics","50km walk men"
102,"Athletics","pole vault men"
103,"Athletics","3000m steeplechase women"
104,"Athletics","marathon women"
105,"Athletics","100m men"
106,"Athletics","triple jump women"
107,"Athletics","decathlon men"
108,"Athletics","discus throw men"
109,"Athletics","pole vault women"
110,"Athletics","10000m women"
111,"Athletics","shot put women"
112,"Athletics","200m men"
113,"Athletics","shot put men"
114,"Athletics","heptathlon women"
115,"Athletics","1500m men"
116,"Athletics","800m men"
117,"Athletics","4x100m relay men"
118,"Athletics","1500m women"
119,"Athletics","Women's 100m Hurdles"
120,"Athletics","5 miles 8047m men"
121,"Athletics","Women's Hammer Throw"
122,"Athletics","Women's 20km Race Walk"
123,"Athletics","Women's Shot Put"
124,"Athletics","Men's 800m"
125,"Athletics","Women's Triple Jump"
126,"Athletics","Women's Marathon"
127,"Athletics","Women's 100m"
128,"Athletics","Women's 400m"
129,"Athletics","Women's 1500m"
130,"Athletics","4 x 400m Relay Mixed"
131,"Athletics","Men's Triple Jump"
132,"Athletics","Women's 3000m Steeplechase"
133,"Athletics","Women's 4 x 100m Relay"
134,"Athletics","Men's Shot Put"
135,"Athletics","Women's Long Jump"
136,"Athletics","Women's 5000m"
137,"Athletics","Men's Marathon"
138,"Athletics","Women's Javelin Throw"
139,"Athletics","Men's 110m Hurdles"
140,"Athletics","Men's Long Jump"
141,"Athletics","Men's Javelin Throw"
142,"Athletics","Men's High Jump"
143,"Athletics","high jump men"
144,"Athletics","Women's Discus Throw"
145,"Athletics","Women's 10,000m"
146,"Athletics","hammer throw men"
147,"Athletics","200m women"
148,"Athletics","60m men"
149,"Athletics","5000m team men"
150,"Athletics","200m hurdles men"
151,"Athletics","Men's 5000m"
152,"Athletics","Men's 1500m"
153,"Athletics","Women's Heptathlon"
154,"Athletics","Men's 400m"
155,"Athletics","Men's 20km Race Walk"
156,"Athletics","Men's 4 x 400m Relay"
157,"Athletics","Women's High Jump"
158,"Athletics","Women's 200m"
159,"Athletics","Men's 4 x 100m Relay"
160,"Athletics","Men's Discus Throw"
161,"Athletics","Men's 400m Hurdles"
162,"Athletics","Men's 10,000m"
163,"Athletics","Women's 400m Hurdles"
164,"Athletics","Men's Pole Vault"
165,"Athletics","Men's 100m"
166,"Athletics","Men's Decathlon"
167,"Athletics","Men's 3000m Steeplechase"
168,"Athletics","Men's Hammer Throw"
169,"Athletics","Women's 4 x 400m Relay"
170,"Athletics","20km race walk women"
171,"Athletics","1,600 metres Medley Relay Men"
172,"Athletics","800m women"
173,"Athletics","shot put both hands men"
174,"Athletics","high jump standing men"
175,"Athletics","javelin throw both hands men"
176,"Athletics","triple jump men"
177,"Athletics","100m hurdles women"
178,"Athletics","3000m walk men"
179,"Athletics","56lb weight throw 254kg men"
180,"Athletics","5000m men"
181,"Athletics","3000m team men"
182,"Athletics","cross country individual men"
183,"Athletics","pentathlon men"
184,"Athletics","cross country team men"
185,"Athletics","10000m walk men"
186,"Athletics","80m hurdles women"
187,"Athletics","pentathlon women"
188,"Athletics","10000m walk women"
189,"Athletics","3000m women"
190,"Athletics","discus throw both hands men"
191,"Athletics","long jump standing men"
192,"Athletics","Men's 200m"
193,"Athletics","3miles team 4828m men"
194,"Athletics","javelin throw freestyle men"
195,"Athletics","Men's 50km Race Walk"
196,"Athletics","10000m men"
197,"Athletics","400m women"
198,"Athletics","discus throw ancient style men"
199,"Badminton","Mixed Doubles"
200,"Badminton","Women's Doubles"
201,"Badminton","Men's Singles"
202,"Badminton","Women's Singles"
203,"Badminton","doubles women"
204,"Badminton","Singles women"
205,"Badminton","Singles men"
206,"Badminton","Men's Doubles"
207,"Badminton","Doubles mixed"
208,"Badminton","doubles men"
209,"Baseball","baseball men"
210,"Baseball/Softball","Softball"
211,"Baseball/Softball","Baseball"
212,"Basketball","basketball men"
213,"Basketball","basketball women"
214,"Basketball","Men"
215,"Basketball","Women"
216,"Basque Pelota","cesta punta men"
217,"Beach Volleyball","Men"
218,"Beach Volleyball","Women"
219,"Beach Volleyball","Beach volleyball women"
220,"Beach Volleyball","Beach volleyball men"
221,"Biathlon","Women's 7.5km Sprint"
222,"Biathlon","Women's 15km Individual"
223,"Biathlon","Men's 4x7.5km Relay"
224,"Biathlon","Men's 20km Individual"
225,"Biathlon","Men's 15km Mass Start"
226,"Biathlon","Women's 4x6km Relay"
227,"Biathlon","Women’s 10km Pursuit"
228,"Biathlon","Men's 10km Sprint"
229,"Biathlon","Women’s 12.5km Mass Start"
230,"Biathlon","Women’s 7.5km Sprint"
231,"Biathlon","Men’s 12.5km Pursuit"
232,"Biathlon","Men’s 10km Sprint"
233,"Biathlon","Women’s 15km Individual"
234,"Biathlon","Men’s 20km Individual"
235,"Biathlon","125km pursuit men"
236,"Biathlon","2x6km Women + 2x7.5km Men Mixed Relay"
237,"Biathlon","Women's 10km Pursuit"
238,"Biathlon","Women's 12.5km Mass Start"
239,"Biathlon","Mixed Relay 4x6km (W+M)"
240,"Biathlon","Men's 12.5km Pursuit"
241,"Biathlon","4x75km relay women"
242,"Biathlon","Men’s 4x7.5km Relay"
243,"Biathlon","Women’s 4x6km Relay"
244,"Biathlon","75km women"
245,"Biathlon","7.5km women"
246,"Biathlon","3x75km relay women"
247,"Biathlon","12.5km pursuit men"
248,"Biathlon","15km mass start men"
249,"Biathlon","4x6km relay women"
250,"Biathlon","4x7.5km relay men"
251,"Biathlon","Men’s 15km Mass Start"
252,"Biathlon","20km men"
253,"Biathlon","Relay mix mixed"
254,"Biathlon","10km pursuit women"
255,"Biathlon","10km men"
256,"Biathlon","15km women"
257,"Biathlon","12.5km mass start women"
258,"Biathlon","125km mass start women"
259,"Biathlon","4x75km relay men"
260,"Bobsleigh","2-man"
261,"Bobsleigh","fourman men"
262,"Bobsleigh","two-man men"
263,"Bobsleigh","2-woman"
264,"Bobsleigh","Two-man"
265,"Bobsleigh","four-man men"
266,"Bobsleigh","Four-man"
267,"Bobsleigh","twoman men"
268,"Bobsleigh","fiveman men"
269,"Bobsleigh","4-man"
270,"Bobsleigh","Women's Monobob"
271,"Bobsleigh","Women’s Bobsleigh"
272,"Bobsleigh","two-woman women"
273,"Boxing","54 - 58kg (featherweight) men"
274,"Boxing","67-71kg lightmiddleweight men"
275,"Boxing","Flyweight men"
276,"Boxing","67  73kg middleweight men"
277,"Boxing","60 - 63.5kg (light-welterweight) men"
278,"Boxing","63.5 - 67kg (welterweight) men"
279,"Boxing","73  80kg lightheavyweight men"
280,"Boxing","Lightheavyweight men"
281,"Boxing","58  62kg lightweight men"
282,"Boxing","Heavyweight men"
283,"Boxing","48kg lightflyweight men"
284,"Boxing","63.5-67kg welterweight men"
285,"Boxing","- 48kg (light-flyweight) men"
286,"Boxing","71-75kg men"
287,"Boxing","51kg flyweight men"
288,"Boxing","67  71kg lightmiddleweight men"
289,"Boxing","60-63.5kg lightwelterweigh men"
290,"Boxing","62  67kg welterweight men"
291,"Boxing","80kg heavyweight men"
292,"Boxing","Middleweight men"
293,"Boxing","75 kg middle women"
294,"Boxing","Lightweight men"
295,"Boxing","56kg men"
296,"Boxing","60 - 64 kg men"
297,"Boxing","57-60kg lightweight men"
298,"Boxing","64 - 69 kg men"
299,"Boxing","69 - 75 kg men"
300,"Boxing","81-91kg heavyweight men"
301,"Boxing","60 kg light women"
302,"Boxing","52kg men"
303,"Boxing","46-49kg men"
304,"Boxing","75-81kg lightheavyweight men"
305,"Boxing","48-51kg flyweight men"
306,"Boxing","48kg light flywieght men"
307,"Boxing","75 - 81kg (light-heavyweight) men"
308,"Boxing","91kg super heavyweight men"
309,"Boxing","51-54kg bantamweight men"
310,"Boxing","+ 91kg (super heavyweight) men"
311,"Boxing","51 kg fly women"
312,"Boxing","508  5352kg bantamweight men"
313,"Boxing","5352  5715kg featherweight men"
314,"Boxing","5715  6124kg lightweight men"
315,"Boxing","54  5715kg featherweight men"
316,"Boxing","508  54kg bantamweight men"
317,"Boxing","7257  7938kg lightheavyweight men"
318,"Boxing","6124  6668kg welterweight men"
319,"Boxing","508kg flyweight men"
320,"Boxing","7938kg heavyweight men"
321,"Boxing","6668  7257kg middleweight men"
322,"Boxing","Featherweight men"
323,"Boxing","Welterweight men"
324,"Boxing","bantamweight men"
325,"Boxing","54-57kg featherweight men"
326,"Boxing","81kg heavyweight men"
327,"Boxing","Men's Heavy (81-91kg)"
328,"Boxing","Women's Feather (54-57kg)"
329,"Boxing","Men's Fly (48-52kg)"
330,"Boxing","Women's Fly (48-51kg)"
331,"Boxing","Women's Welter (64-69kg)"
332,"Boxing","Women's Light (57-60kg)"
333,"Boxing","Women's Middle (69-75kg)"
334,"Boxing","Men's Feather (52-57kg)"
335,"Boxing","Men's Light Heavy (75-81kg)"
336,"Boxing","Men's Super Heavy (+91kg)"
337,"Boxing","Men's Middle (69-75kg)"
338,"Boxing","Men's Welter (63-69kg)"
339,"Boxing","Men's Light (57-63kg)"
340,"Canoe Marathon","K-1 10000m men"
341,"Canoe Marathon","C-2 10000m men"
342,"Canoe Marathon","C-1 10000m men"
343,"Canoe Marathon","K-2 10000m men"
344,"Canoe Slalom","C1 canoe single men"
345,"Canoe Slalom","Women's Canoe"
346,"Canoe Slalom","Men's Kayak"
347,"Canoe Slalom","K-1 (kayak single) men"
348,"Canoe Slalom","C2 canoe double men"
349,"Canoe Slalom","K1 kayak single men"
350,"Canoe Slalom","K-1 (kayak single) women"
351,"Canoe Slalom","C-1 (canoe single) men"
352,"Canoe Slalom","C-2 (canoe double) men"
353,"Canoe Slalom","K1 kayak single women"
354,"Canoe Slalom","Women's Kayak"
355,"Canoe Slalom","Men's Canoe"
356,"Canoe Sprint","K-4 1000m (kayak four) men"
357,"Canoe Sprint","C-1 1000m (canoe single) men"
358,"Canoe Sprint","K4 1000m kayak four men"
359,"Canoe Sprint","K2 500m kayak double women"
360,"Canoe Sprint","C2 1000m canoe double men"
361,"Canoe Sprint","K2 1000m kayak double men"
362,"Canoe Sprint","K2 200m kayak double men"
363,"Canoe Sprint","K1 1000m kayak single men"
364,"Canoe Sprint","K4 500m kayak four women"
365,"Canoe Sprint","Men's Kayak Double 1000m"
366,"Canoe Sprint","C-2 1000m (canoe double) men"
367,"Canoe Sprint","Women's Canoe Single 200m"
368,"Canoe Sprint","Men's Canoe Double 1000m"
369,"Canoe Sprint","Men's Kayak Four 500m"
370,"Canoe Sprint","Women's Kayak Single 200m"
371,"Canoe Sprint","Women's Canoe Double 500m"
372,"Canoe Sprint","Men's Kayak Single 200m"
373,"Canoe Sprint","Women's Kayak Double 500m"
374,"Canoe Sprint","Men's Kayak Single 1000m"
375,"Canoe Sprint","Men's Canoe Single 1000m"
376,"Canoe Sprint","C1 1000m canoe single men"
377,"Canoe Sprint","Women's Kayak Four 500m"
378,"Canoe Sprint","Women's Kayak Single 500m"
379,"Canoe Sprint","C2 500m canoe double men"
380,"Canoe Sprint","K-1 200m (kayak single) men"
381,"Canoe Sprint","K-2 500m (kayak double) women"
382,"Canoe Sprint","K1 500m kayak single women"
383,"Canoe Sprint","K1 500m kayak single men"
384,"Canoe Sprint","K2 500m kayak double men"
385,"Canoe Sprint","C-1 500m (canoe single) men"
386,"Canoe Sprint","K-1 500m (kayak single) women"
387,"Canoe Sprint","K-2 1000m (kayak double) men"
388,"Canoe Sprint","K-4 500m (kayak four) women"
389,"Canoe Sprint","C-1 200m (canoe single) men"
390,"Canoe Sprint","K-2 200m (kayak double) men"
391,"Canoe Sprint","K-1 4x500m men"
392,"Canoe Sprint","K-1 200m (kayak single) women"
393,"Canoe Sprint","C1 500m canoe single men"
394,"Canoe Sprint","K-1 1000m (kayak single) men"
395,"Croquet","individual 1 ball men"
396,"Croquet","individual 2 balls men"
397,"Croquet","double men"
398,"Cross Country Skiing","5km women"
399,"Cross Country Skiing","Ladies’ 10km Free"
400,"Cross Country Skiing","15km mass start women"
401,"Cross Country Skiing","Combined 10km  15km pursuit men"
402,"Cross Country Skiing","30km mass start men"
403,"Cross Country Skiing","10km pursuit men"
404,"Cross Country Skiing","5km pursuit women"
405,"Cross Country Skiing","Combined 5km  10km pursuit women"
406,"Cross Country Skiing","18km men"
407,"Cross Country Skiing","Women's Team Sprint Classic"
408,"Cross Country Skiing","Men’s 50km Mass Start Classic"
409,"Cross Country Skiing","Men’s 4x10km Relay"
410,"Cross Country Skiing","Relay 3x5km women"
411,"Cross Country Skiing","Ladies’ 7.5km+7.5km Skiathlon"
412,"Cross Country Skiing","Ladies’ Team Sprint Free"
413,"Cross Country Skiing","20km women"
414,"Cross Country Skiing","Ladies’ Sprint Classic"
415,"Cross Country Skiing","Men’s Team Sprint Free"
416,"Cross Country Skiing","Ladies’ 30km Mass Start Classic"
417,"Cross Country Skiing","Men’s 15km+15km Skiathlon"
418,"Cross Country Skiing","Skiathlon 15km  15km men"
419,"Cross Country Skiing","15km men"
420,"Cross Country Skiing","Relay 4x5km women"
421,"Cross Country Skiing","Men's Team Sprint Classic"
422,"Cross Country Skiing","Men's 15km + 15km Skiathlon"
423,"Cross Country Skiing","Men's 4 x 10km Relay"
424,"Cross Country Skiing","Women's 7.5km + 7.5km Skiathlon"
425,"Cross Country Skiing","Women's 30km Mass Start Free"
426,"Cross Country Skiing","Women's 10km Classic"
427,"Cross Country Skiing","Combined 7.5 + 7.5km mass start women"
428,"Cross Country Skiing","50km men"
429,"Cross Country Skiing","Men's 15km Classic"
430,"Cross Country Skiing","Women's 4 x 5km Relay"
431,"Cross Country Skiing","Men's Sprint Free"
432,"Cross Country Skiing","Ladies’ 4x5km Relay"
433,"Cross Country Skiing","Men’s Sprint Classic"
434,"Cross Country Skiing","Skiathlon 75km  75km women"
435,"Cross Country Skiing","Men’s 15km Free"
436,"Cross Country Skiing","30km women"
437,"Cross Country Skiing","sprint 15km women"
438,"Cross Country Skiing","10km women"
439,"Cross Country Skiing","Women's Sprint Free"
440,"Cross Country Skiing","Skiathlon 7.5+7.5km women"
441,"Cross Country Skiing","Relay 4x10km men"
442,"Cross Country Skiing","Sprint 15km men"
443,"Cross Country Skiing","Team sprint women"
444,"Cross Country Skiing","Team sprint men"
445,"Cross Country Skiing","Men's 50km Mass Start Free"
446,"Curling","Mixed Doubles"
447,"Curling","curling women"
448,"Curling","Men"
449,"Curling","Women"
450,"Curling","curling men"
451,"Cycling BMX","Individual women"
452,"Cycling BMX","Individual men"
453,"Cycling BMX Freestyle","Men's Park"
454,"Cycling BMX Freestyle","Women's Park"
455,"Cycling BMX Racing","Men"
456,"Cycling BMX Racing","Women"
457,"Cycling Mountain Bike","Women's Cross-country"
458,"Cycling Mountain Bike","cross-country women"
459,"Cycling Mountain Bike","cross-country men"
460,"Cycling Mountain Bike","Men's Cross-country"
461,"Cycling Road","individual road race men"
462,"Cycling Road","team time trial men"
463,"Cycling Road","individual time trial women"
464,"Cycling Road","Women's Individual Time Trial"
465,"Cycling Road","Men's Individual Time Trial"
466,"Cycling Road","Men's Road Race"
467,"Cycling Road","Women's Road Race"
468,"Cycling Road","individual road race women"
469,"Cycling Road","individual time trial men"
470,"Cycling Track","Madison men"
471,"Cycling Track","Sprint individual men"
472,"Cycling Track","1km time trial men"
473,"Cycling Track","500m time trial women"
474,"Cycling Track","Team Pursuit 4000m men"
475,"Cycling Track","Course De Primes Men"
476,"Cycling Track","25 kilometres men"
477,"Cycling Track","2000m tandem men"
478,"Cycling Track","Team sprint women"
479,"Cycling Track","Points Race men"
480,"Cycling Track","Omnium men"
481,"Cycling Track","Olympic Sprint men"
482,"Cycling Track","Men's Omnium"
483,"Cycling Track","Women's Team Sprint"
484,"Cycling Track","Men's Madison"
485,"Cycling Track","Keirin women"
486,"Cycling Track","Omnium women"
487,"Cycling Track","Men's Sprint"
488,"Cycling Track","Team sprint men"
489,"Cycling Track","Keirin men"
490,"Cycling Track","Men's Keirin"
491,"Cycling Track","Men's Team Pursuit"
492,"Cycling Track","Women's Keirin"
493,"Cycling Track","Women's Sprint"
494,"Cycling Track","Women's Team Pursuit"
495,"Cycling Track","Women's Madison"
496,"Cycling Track","Men's Team Sprint"
497,"Cycling Track","Women's Omnium"
498,"Cycling Track","Individual Pursuit men"
499,"Cycling Track","20km men"
500,"Cycling Track","12-hour race men"
501,"Cycling Track","Team Pursuit 3000m women"
502,"Cycling Track","Sprint men"
503,"Cycling Track","10km men"
504,"Cycling Track","50km men"
505,"Cycling Track","1km Pursuit men"
506,"Cycling Track","points race women"
507,"Cycling Track","sprint women"
508,"Cycling Track","100km men"
509,"Cycling Track","1980 yards Pursuit Team men"
510,"Cycling Track","5000m men"
511,"Cycling Track","One lap 660y sprint men"
512,"Cycling Track","Tandem Sprint, 2,000 metres Men"
513,"Cycling Track","individual pursuit women"
514,"Diving","Men's Synchronised 3m Springboard"
515,"Diving","synchronized diving 10m platform women"
516,"Diving","10m platform women"
517,"Diving","3m springboard men"
518,"Diving","10m platform men"
519,"Diving","synchronized diving 3m springboard women"
520,"Diving","3m springboard women"
521,"Diving","Women's 10m Platform"
522,"Diving","Women's Synchronised 10m Platform"
523,"Diving","Women's Synchronised 3m Springboard"
524,"Diving","plain high diving men"
525,"Diving","synchronized diving 3m springboard men"
526,"Diving","synchronized diving 10m platform men"
527,"Equestrian","Jumping Individual"
528,"Equestrian","Eventing Individual"
529,"Equestrian","Dressage Individual"
530,"Equestrian","Eventing Team"
531,"Equestrian","Dressage Team"
532,"Equestrian","Jumping Team"
533,"Equestrian  Vaulting","figure riding individual mixed"
534,"Equestrian  Vaulting","figure riding team mixed"
535,"Equestrian Dressage","Dressage Individual Grand Prix mixed"
536,"Equestrian Dressage","Dressage Team Grand Prix mixed"
537,"Equestrian Dressage","team mixed"
538,"Equestrian Dressage","individual mixed"
539,"Equestrian Eventing","Eventing Team mixed"
540,"Equestrian Eventing","individual mixed"
541,"Equestrian Eventing","team mixed"
542,"Equestrian Eventing","Eventing Individual mixed"
543,"Equestrian Jumping","individual mixed"
544,"Equestrian Jumping","high jump mixed"
545,"Equestrian Jumping","Jumping Individual mixed"
546,"Equestrian Jumping","Jumping Team mixed"
547,"Equestrian Jumping","long jump individual mixed"
548,"Equestrian Jumping","team mixed"
549,"Fencing","Men's Foil Individual"
550,"Fencing","Women's Épée Individual"
551,"Fencing","Men's Épée Team"
552,"Fencing","Men's Foil Team"
553,"Fencing","Women's Épée Team"
554,"Fencing","épée team women"
555,"Fencing","sabre team women"
556,"Fencing","Women's Sabre Individual"
557,"Fencing","Women's Foil Team"
558,"Fencing","foil individual men"
559,"Fencing","épée individual women"
560,"Fencing","pe masters men"
561,"Fencing","foil masters men"
562,"Fencing","foil team women"
563,"Fencing","sabre individual women"
564,"Fencing","foil individual women"
565,"Fencing","Men's Sabre Individual"
566,"Fencing","Men's Sabre Team"
567,"Fencing","Women's Sabre Team"
568,"Fencing","pe amateurs and masters men"
569,"Fencing","sabre masters men"
570,"Fencing","pe individual men"
571,"Fencing","pe team men"
572,"Fencing","sabre team men"
573,"Fencing","épée team men"
574,"Fencing","épée individual men"
575,"Fencing","sabre individual men"
576,"Fencing","Men's Épée Individual"
577,"Fencing","foil team men"
578,"Figure skating","Team event"
579,"Figure skating","Pair Skating"
580,"Figure skating","Men's Single Skating"
581,"Figure skating","Men Single Skating"
582,"Figure skating","Ladies' Single Skating"
583,"Figure skating","Team Event"
584,"Figure skating","Women Single Skating"
585,"Figure skating","Ice Dance"
586,"Figure skating","special figures women"
587,"Figure skating","Individual women"
588,"Figure skating","Individual men"
589,"Figure skating","Ice dancing mixed"
590,"Figure skating","team mixed"
591,"Figure skating","Pairs mixed"
592,"Football","tournament men"
593,"Football","tournament women"
594,"Football","football men"
595,"Football","football women"
596,"Football","Men"
597,"Football","Women"
598,"Freestyle Skiing","Ski Halfpipe men"
599,"Freestyle Skiing","Women's Freeski Big Air"
600,"Freestyle Skiing","Aerials men"
601,"Freestyle Skiing","Women's Freeski Slopestyle"
602,"Freestyle Skiing","Men's Ski Cross"
603,"Freestyle Skiing","Ladies’ Moguls"
604,"Freestyle Skiing","Men's Freeski Slopestyle"
605,"Freestyle Skiing","Men’s Aerials"
606,"Freestyle Skiing","Ladies’ Ski Cross"
607,"Freestyle Skiing","Ladies’ Ski Halfpipe"
608,"Freestyle Skiing","Men’s Ski Cross"
609,"Freestyle Skiing","Men’s Ski Slopestyle"
610,"Freestyle Skiing","Ski Cross men"
611,"Freestyle Skiing","Men's Freeski Halfpipe"
612,"Freestyle Skiing","Men's Moguls"
613,"Freestyle Skiing","Men’s Moguls"
614,"Freestyle Skiing","Ski Halfpipe women"
615,"Freestyle Skiing","Ski Slopestyle women"
616,"Freestyle Skiing","Men’s Ski Halfpipe"
617,"Freestyle Skiing","Aerials women"
618,"Freestyle Skiing","Ladies’ Aerials"
619,"Freestyle Skiing","Ski Cross women"
620,"Freestyle Skiing","Women's Moguls"
621,"Freestyle Skiing","Moguls women"
622,"Freestyle Skiing","Moguls men"
623,"Freestyle Skiing","Men's Freeski Big Air"
624,"Freestyle Skiing","Women's Ski Cross"
625,"Freestyle Skiing","Men's Aerials"
626,"Freestyle Skiing","Women's Aerials"
627,"Freestyle Skiing","Women's Freeski Halfpipe"
628,"Freestyle Skiing","Ladies’ Ski Slopestyle"
629,"Freestyle Skiing","Mixed Team Aerials"
630,"Golf","Women's Individual Stroke Play"
631,"Golf","Men's Individual Stroke Play"
632,"Golf","Individual women"
633,"Golf","Individual men"
634,"Gymnastics Artistic","floor exercises women"
635,"Gymnastics Artistic","team Swedish system men"
636,"Gymnastics Artistic","team free system men"
637,"Gymnastics Artistic","team competition women"
638,"Gymnastics Artistic","floor exercises men"
639,"Gymnastics Artistic","individual all-round men"
640,"Gymnastics Artistic","uneven bars women"
641,"Gymnastics Artistic","team competition men"
642,"Gymnastics Artistic","parallel bars men"
643,"Gymnastics Artistic","balance beam women"
644,"Gymnastics Artistic","vault women"
645,"Gymnastics Artistic","vault men"
646,"Gymnastics Artistic","rope climbing men"
647,"Gymnastics Artistic","Sidehorse vault men"
648,"Gymnastics Artistic","rings men"
649,"Gymnastics Artistic","pommel horse men"
650,"Gymnastics Artistic","horizontal bar men"
651,"Gymnastics Artistic","team parallel bars men"
652,"Gymnastics Artistic","Team All-Around Men"
653,"Gymnastics Artistic","team horizontal bar men"
654,"Gymnastics Artistic","team portable apparatus women"
655,"Gymnastics Artistic","combined 3 events men"
656,"Gymnastics Artistic","individual all-round women"
657,"Gymnastics Rhythmic","individual all-round women"
658,"Gymnastics Rhythmic","group competition women"
659,"Gymnastics Rhythmic","Individual All-Around women"
660,"Gymnastics Rhythmic","Group All-Around women"
661,"Handball","handball women"
662,"Handball","Men"
663,"Handball","Women"
664,"Handball","handball men"
665,"Hockey","hockey women"
666,"Hockey","hockey men"
667,"Hockey","Men"
668,"Hockey","Women"
669,"Hockey","tournament men"
670,"Hockey","tournament women"
671,"Ice Hockey","ice hockey men"
672,"Ice Hockey","Men"
673,"Ice Hockey","Women"
674,"Ice Hockey","ice hockey women"
675,"Judo","+ 95kg (heavyweight) men"
676,"Judo","95kg heavyweight men"
677,"Judo","Women -70 kg"
678,"Judo","71 - 78kg (half-middleweight) men"
679,"Judo","65 - 71kg (lightweight) men"
680,"Judo","Women -57 kg"
681,"Judo","Mixed Team"
682,"Judo","Women -78 kg"
683,"Judo","Women +78 kg"
684,"Judo","Athens 2004 Judo - 48 kg women"
685,"Judo","71  78kg halfmiddleweight men"
686,"Judo","60  65kg halflightweight men"
687,"Judo","Men -66 kg"
688,"Judo","48 - 52kg (half-lightweight) women"
689,"Judo","66  73kg lightweight men"
690,"Judo","+ 78kg (heavyweight) women"
691,"Judo","57 - 63kg (half-middleweight) women"
692,"Judo","73 - 81kg (half-middleweight) men"
693,"Judo","- 60 kg men"
694,"Judo","90 - 100kg (half-heavyweight) men"
695,"Judo","+ 100kg (heavyweight) men"
696,"Judo","- 63kg (lightweight) men"
697,"Judo","81  90kg middleweight men"
698,"Judo","63  70kg middleweight women"
699,"Judo","60 - 66kg (half-lightweight) men"
700,"Judo","- 48 kg women"
701,"Judo","70 - 78kg (half-heavyweight) women"
702,"Judo","Men -81 kg"
703,"Judo","63  70kg halfmiddleweight men"
704,"Judo","80 - 93kg (half-heavyweight) men"
705,"Judo","70  80kg middleweight men"
706,"Judo","93kg heavyweight men"
707,"Judo","Athens 2004 Judo - 60 kg men"
708,"Judo","52  57kg lightweight women"
709,"Judo","open category men"
710,"Judo","60 - 65kg (half-lightweight) men"
711,"Judo","72kg heavyweight women"
712,"Judo","68  80kg middleweight men"
713,"Judo","52  56kg lightweight women"
714,"Judo","61  66kg middleweight women"
715,"Judo","Atlanta 1996 Judo - 60 kg men"
716,"Judo","56  61kg halfmiddleweight women"
717,"Judo","66  72kg halfheavyweight women"
718,"Judo","Women -52 kg"
719,"Judo","Women -63 kg"
720,"Judo","80kg heavyweight men"
721,"Judo","Men -60 kg"
722,"Judo","Sydney 2000 Judo - 60 kg men"
723,"Judo","Men -100 kg"
724,"Judo","Men -90 kg"
725,"Judo","Men +100 kg"
726,"Judo","Women -48 kg"
727,"Judo","57  63kg halfmiddleweight women"
728,"Judo","- 48 kg - extralightweight women"
729,"Judo","73  81kg halfmiddleweight men"
730,"Judo","48kg extralightweight women"
731,"Judo","68kg lightweight men"
732,"Judo","Men -73 kg"
733,"Judo","63kg lightweight men"
734,"Judo","86  95kg halfheavyweight men"
735,"Judo","78  86kg middleweight men"
736,"Judo","90  100kg halfheavyweight men"
737,"Judo","48  52kg halflightweight women"
738,"Judo","48 kg women"
739,"Judo","70  78kg halfheavyweight women"
740,"Judo","- 60 kg -extralightweight men"
741,"Judo","78kg heavyweight women"
742,"Judo","60 kg men"
743,"Judo","100kg heavyweight men"
744,"Judo","60  66kg halflightweight men"
745,"Karate","Men's Kumite -67kg"
746,"Karate","Men's Kumite +75kg"
747,"Karate","Men's Kata"
748,"Karate","Women's Kata"
749,"Karate","Women's Kumite +61kg"
750,"Karate","Women's Kumite -61kg"
751,"Karate","Men's Kumite -75kg"
752,"Karate","Women's Kumite -55kg"
753,"Lacrosse","lacrosse men"
754,"Luge","Singles men"
755,"Luge","Doubles mixed"
756,"Luge","Women’s Singles"
757,"Luge","Men’s Singles"
758,"Luge","Singles women"
759,"Luge","Team Relay"
760,"Luge","Doubles"
761,"Luge","Men's Singles"
762,"Luge","Women's Singles"
763,"Luge","Mixed Team Relay mixed"
764,"Marathon Swimming","Men's 10km"
765,"Marathon Swimming","Marathon - 10 km men"
766,"Marathon Swimming","Marathon - 10 km women"
767,"Marathon Swimming","Women's 10km"
768,"Military Patrol","Military Patrol men"
769,"Modern Pentathlon","team competition men"
770,"Modern Pentathlon","Men's Individual"
771,"Modern Pentathlon","Individual competition men"
772,"Modern Pentathlon","Individual Competition women"
773,"Modern Pentathlon","Women's Individual"
774,"Nordic Combined","Individual sprint men"
775,"Nordic Combined","Individual men"
776,"Nordic Combined","Individual LH men"
777,"Nordic Combined","Team men"
778,"Nordic Combined","Team Gundersen Large Hill/4x5km"
779,"Nordic Combined","Team Men"
780,"Nordic Combined","Individual Gundersen Normal Hill/10km"
781,"Nordic Combined","Individual Gundersen Large Hill/10km"
782,"Polo","polo men"
783,"Rhythmic Gymnastics","Group All-Around"
784,"Rhythmic Gymnastics","Individual All-Around"
785,"Rowing","Coxed Eights Men"
786,"Rowing","eight with coxswain 8 women"
787,"Rowing","single sculls 1x women"
788,"Rowing","quadruple sculls without coxsw men"
789,"Rowing","eight with coxswain 8 men"
790,"Rowing","quadruple sculls with coxswain 4x men"
791,"Rowing","Men's Double Sculls"
792,"Rowing","Coxless Pairs Men"
793,"Rowing","Women's Pair"
794,"Rowing","fouroared shell with coxswain 4 women"
795,"Rowing","coxless four 4 women"
796,"Rowing","quadruple sculls without coxswain (4x) men"
797,"Rowing","pair without coxswain 2 women"
798,"Rowing","pair without coxswain 2 men"
799,"Rowing","lightweight double sculls 2x women"
800,"Rowing","four-oared shell with coxswain men"
801,"Rowing","Men's Single Sculls"
802,"Rowing","four-oared shell with coxswain men - Final 1"
803,"Rowing","Lightweight Women's Double Sculls"
804,"Rowing","Women's Double Sculls"
805,"Rowing","Men's Pair"
806,"Rowing","Women's Quadruple Sculls"
807,"Rowing","Men's Quadruple Sculls"
808,"Rowing","Men's Eight"
809,"Rowing","Men's Four"
810,"Rowing","Lightweight Men's Double Sculls"
811,"Rowing","Women's Single Sculls"
812,"Rowing","Women's Four"
813,"Rowing","Coxless Fours Men"
814,"Rowing","lightweight double sculls 2x men"
815,"Rowing","quadruple sculls with coxswain women"
816,"Rowing","four without coxswain 4 men"
817,"Rowing","double sculls 2x men"
818,"Rowing","four-oared shell with coxswain men - Final 2"
819,"Rowing","single sculls 1x men"
820,"Rowing","double sculls 2x women"
821,"Rowing","quadruple sculls without coxswain (4x) women"
822,"Rowing","lightweight coxless four 4 men"
823,"Rowing","Women's Eight"
824,"Rowing","pair-oared shell with coxswain men"
825,"Rowing","quadruple sculls without coxsw women"
826,"Rowing","Quadruple Sculls Men"
827,"Rugby","rugby-7 women"
828,"Rugby","rugby-7 men"
829,"Rugby","rugby men"
830,"Rugby Sevens","Men"
831,"Rugby Sevens","Women"
832,"Sailing","6m rating 1919 men"
833,"Sailing","RSX - Windsurfer men"
834,"Sailing","RSX - Windsurfer women"
835,"Sailing","Star - Keelboat men"
836,"Sailing","Elliott 6m - Match Racing women"
837,"Sailing","49er FX Women women"
838,"Sailing","RS:X - Windsurfer women"
839,"Sailing","RS:X - Windsurfer men"
840,"Sailing","470 - Two Person Dinghy women"
841,"Sailing","49er Men"
842,"Sailing","470 Women"
843,"Sailing","RS:X Women"
844,"Sailing","RS:X Men"
845,"Sailing","Finn - One Person Dinghy (Heavyweight) men"
846,"Sailing","12m rating 1919 mixed"
847,"Sailing","7m mixed"
848,"Sailing","Laser Men"
849,"Sailing","8m rating 1919 men"
850,"Sailing","10m rating 1919 mixed"
851,"Sailing","40m sq mixed"
852,"Sailing","30m sq mixed"
853,"Sailing","65m rating 1919 mixed"
854,"Sailing","8m rating 1907 mixed"
855,"Sailing","12m rating 1907 mixed"
856,"Sailing","12 foot dinghy mixed"
857,"Sailing","470 - Two Person Dinghy men"
858,"Sailing","1-2t mixed"
859,"Sailing","3-10 Ton Race One Open"
860,"Sailing","2-3 Ton Race Two Open"
861,"Sailing","sharpie 12m2 mixed"
862,"Sailing","single-handed dinghy (Europe) women"
863,"Sailing","Mistral - Windsurfer men"
864,"Sailing","singlehanded dinghy Europe women"
865,"Sailing","single-handed dinghy open (Laser) mixed"
866,"Sailing","0.5t mixed, race two"
867,"Sailing","board Mistral women"
868,"Sailing","fleetmatch race keelboat open Soling mixed"
869,"Sailing","twoperson keelboat open Star mixed"
870,"Sailing","swallow golondrina mixed"
871,"Sailing","firefly class mixed"
872,"Sailing","6m mixed"
873,"Sailing","1-2 Ton Race One Open"
874,"Sailing","open class mixed"
875,"Sailing","8m mixed"
876,"Sailing","3-10t mixed"
877,"Sailing","½-1 Ton Race Two Open"
878,"Sailing","5.5m mixed"
879,"Sailing","0.5-1t mixed"
880,"Sailing","10-20t mixed"
881,"Sailing","10m mixed"
882,"Sailing","12m mixed"
883,"Sailing","49er FX Women"
884,"Sailing","Nacra 17 Mixed"
885,"Sailing","Laser Radial Women"
886,"Sailing","470 Men"
887,"Sailing","Finn Men"
888,"Sailing","tempest mixed"
889,"Sailing","2-3t mixed"
890,"Sailing","dragon mixed"
891,"Sailing","olympic class monotype mixed"
892,"Sailing","Tornado - Multihull mixed"
893,"Sailing","Yngling - Keelboat women"
894,"Sailing","49er - Skiff mixed"
895,"Sailing","Finn - Heavyweight Dinghy mixed"
896,"Sailing","Laser - One Person Dinghy men"
897,"Sailing","flying dutchman mixed"
898,"Sailing","0.5t mixed, race one"
899,"Sailing","Lechner - Windsurfer men"
900,"Sailing","Windglider - Windsurfer men"
901,"Sailing","49er - Skiff men"
902,"Sailing","Nacra 17 Mixed mixed"
903,"Sailing","Laser Radial - One Person Dinghy women"
904,"Sailing","board lechner women"
905,"Sailing","Division II - Windsurfer men"
906,"Sailing","6m rating 1907 mixed"
907,"Sailing","10m rating 1907 mixed"
908,"Shooting","50m running target 3030 shot men"
909,"Shooting","25m army pistol men"
910,"Shooting","army rifle 200m men"
911,"Shooting","50m Rifle 3 Positions Men"
912,"Shooting","50m Rifle 3 Positions women"
913,"Shooting","Trap Mixed Team"
914,"Shooting","25m Rapid Fire Pistol Men"
915,"Shooting","10m Air Rifle women"
916,"Shooting","Trap Men"
917,"Shooting","army rifle 300m men"
918,"Shooting","skeet 75 targets women"
919,"Shooting","50m rifle 3 positions 3x20 shots women"
920,"Shooting","10m air rifle 40 shots women"
921,"Shooting","rifle team men"
922,"Shooting","600m free rifle men"
923,"Shooting","300m free rifle 3 positions 3x40 shots mixed"
924,"Shooting","100m running deer single shots men"
925,"Shooting","100m running deer double shots team men"
926,"Shooting","100m running deer double shots men"
927,"Shooting","trap 75 targets women"
928,"Shooting","100m running deer single shots team men"
929,"Shooting","400 600 800m free rifle team men"
930,"Shooting","clay pigeons team men"
931,"Shooting","300m free rifle 3 positions 3 men"
932,"Shooting","skeet (125 targets) mixed"
933,"Shooting","10m air pistol 40 shots women"
934,"Shooting","Skeet women"
935,"Shooting","600m free rifle individual men"
936,"Shooting","Trap women"
937,"Shooting","100m running deer singledouble shots men"
938,"Shooting","10m Air Pistol Men"
939,"Shooting","25m rapid fire pistol 60 shots mixed"
940,"Shooting","Free Pistol, 50 Yards, Team Men"
941,"Shooting","army rifle 300m kneeling men"
942,"Shooting","Small-Bore Rifle, 50 And 100 Yards, Team Men"
943,"Shooting","Free Rifle, Three Positions, 300 metres, Team Men"
944,"Shooting","Military Rifle, 200/500/600/800/900/1,000 Yards, Team Men"
945,"Shooting","50m rifle 3 positions 3x40 shots mixed"
946,"Shooting","50m rifle prone 60 shots mixed"
947,"Shooting","25m rapid fire pistol 60 shots men"
948,"Shooting","50m pistol 60 shots men"
949,"Shooting","300m free rifle 3 positions standing men"
950,"Shooting","50m rifle 3 positions 3x40 shots men"
951,"Shooting","double trap 150 targets men"
952,"Shooting","double trap 120 targets women"
953,"Shooting","skeet (125 targets) men"
954,"Shooting","10m air pistol 60 shots men"
955,"Shooting","10m air rifle 60 shots men"
956,"Shooting","trap 125 targets men"
957,"Shooting","50m rifle prone 60 shots men"
958,"Shooting","50m running target 3030 shots mixed"
959,"Shooting","30m army pistol team men"
960,"Shooting","army rifle 300m prone men"
961,"Shooting","300m free rifle prone team men"
962,"Shooting","50m small bore rifle team men"
963,"Shooting","free rifle team men"
964,"Shooting","10m running target 3030 shot men"
965,"Shooting","Skeet Men"
966,"Shooting","25m small rifle men"
967,"Shooting","10m Air Pistol Mixed Team"
968,"Shooting","10m Air Pistol women"
969,"Shooting","Small-Bore Rifle, Disappearing Target, 25 metres, Team Men"
970,"Shooting","25m pistol (30+30 shots) women"
971,"Shooting","300600m free rifle team prone men"
972,"Shooting","army rifle 300m 3 positions men"
973,"Shooting","25m pistol 3030 shots women"
974,"Shooting","300m free rifle standing team men"
975,"Shooting","army rifle 300m standing men"
976,"Shooting","600m free rifle prone men"
977,"Shooting","600m free rifle team men"
978,"Shooting","50m army pistol team men"
979,"Shooting","50m pistol 60 shots mixed"
980,"Shooting","trap (125 targets) mixed"
981,"Short Track","Men’s 1500m"
982,"Short Track","Men’s 1000m"
983,"Short Track","Ladies’ 500m"
984,"Short Track","Men’s 5000m Relay"
985,"Short Track","Ladies’ 3000m Relay"
986,"Short Track","Ladies’ 1000m"
987,"Short Track","Ladies’ 1500m"
988,"Short Track Speed Skating","Men's 1000m"
989,"Short Track Speed Skating","Women's 3000m Relay"
990,"Short Track Speed Skating","1500m men"
991,"Short Track Speed Skating","500m women"
992,"Short Track Speed Skating","1500m women"
993,"Short Track Speed Skating","1000m men"
994,"Short Track Speed Skating","1000m women"
995,"Short Track Speed Skating","Men's 5000m Relay"
996,"Short Track Speed Skating","Team Relay"
997,"Short Track Speed Skating","Men's 1500m"
998,"Short Track Speed Skating","500m men"
999,"Short Track Speed Skating","Men's 500m"
1000,"Short Track Speed Skating","Women's 1500m"
1001,"Short Track Speed Skating","5000m relay men"
1002,"Short Track Speed Skating","3000m relay women"
1003,"Short Track Speed Skating","Women's 1000m"
1004,"Short Track Speed Skating","Women's 500m"
1005,"Skateboarding","Women's Street"
1006,"Skateboarding","Men's Street"
1007,"Skateboarding","Women's Park"
1008,"Skateboarding","Men's Park"
1009,"Skeleton","Individual men"
1010,"Skeleton","Men"
1011,"Skeleton","Individual women"
1012,"Skeleton","Women"
1013,"Ski Jumping","Men’s Team"
1014,"Ski Jumping","Men's LH Individual"
1015,"Ski Jumping","Men's Team"
1016,"Ski Jumping","Ladies’ Normal Hill Individual"
1017,"Ski Jumping","Normal Hill Individual women"
1018,"Ski Jumping","Teams men"
1019,"Ski Jumping","Mixed Team"
1020,"Ski Jumping","Men’s Normal Hill Individual"
1021,"Ski Jumping","Normal Hill Individual men"
1022,"Ski Jumping","Men's NH Individual"
1023,"Ski Jumping","Men’s Large Hill Individual"
1024,"Ski Jumping","Women's NH Individual"
1025,"Ski Jumping","Large Hill Individual men"
1026,"Snowboard","Men's Snowboard Cross"
1027,"Snowboard","Slopestyle women"
1028,"Snowboard","Men’s Snowboard Cross"
1029,"Snowboard","Giant parallel slalom men"
1030,"Snowboard","Parallel slalom men"
1031,"Snowboard","Half-pipe men"
1032,"Snowboard","Slopestyle men"
1033,"Snowboard","Snowboard Cross men"
1034,"Snowboard","Mixed Team Snowboard Cross"
1035,"Snowboard","Women's Snowboard Cross"
1036,"Snowboard","Men's Parallel Giant Slalom"
1037,"Snowboard","Men's Snowboard Big Air"
1038,"Snowboard","Women's Parallel Giant Slalom"
1039,"Snowboard","Women's Snowboard Slopestyle"
1040,"Snowboard","Men's Snowboard Halfpipe"
1041,"Snowboard","Men's Snowboard Slopestyle"
1042,"Snowboard","Giant parallel slalom women"
1043,"Snowboard","Half-pipe women"
1044,"Snowboard","Snowboard Cross women"
1045,"Snowboard","Women's Snowboard Halfpipe"
1046,"Snowboard","Men’s Big Air"
1047,"Snowboard","Ladies’ Slopestyle"
1048,"Snowboard","Ladies’ Snowboard Cross"
1049,"Snowboard","giant slalom men"
1050,"Snowboard","giant slalom women"
1051,"Snowboard","Parallel slalom women"
1052,"Snowboard","Ladies’ Big Air"
1053,"Snowboard","Women's Snowboard Big Air"
1054,"Snowboard","Ladies’ Parallel Giant Slalom"
1055,"Snowboard","Men’s Halfpipe"
1056,"Snowboard","Men’s Parallel Giant Slalom"
1057,"Snowboard","Men’s Slopestyle"
1058,"Softball","softball women"
1059,"Speed skating","Ladies’ 3000m"
1060,"Speed skating","Men’s 1500m"
1061,"Speed skating","Men’s 10000m"
1062,"Speed skating","Men’s 1000m"
1063,"Speed skating","Men’s Mass Start"
1064,"Speed skating","Ladies’ 1500m"
1065,"Speed skating","Ladies’ 5000m"
1066,"Speed skating","Ladies’ Team Pursuit"
1067,"Speed skating","Men’s Team Pursuit"
1068,"Speed skating","Ladies’ 500m"
1069,"Speed skating","Men's 5000m"
1070,"Speed skating","Ladies’ 1000m"
1071,"Speed skating","Women's 5000m"
1072,"Speed skating","1000m men"
1073,"Speed skating","Women's 1000m"
1074,"Speed skating","Men's Mass Start"
1075,"Speed skating","Men's 10000m"
1076,"Speed skating","Men’s 500m"
1077,"Speed skating","Men's 1500m"
1078,"Speed skating","10000m men"
1079,"Speed skating","2x500m men"
1080,"Speed skating","Men's Team Pursuit"
1081,"Speed skating","combined 4 events men"
1082,"Speed skating","1500m women"
1083,"Speed skating","1500m men"
1084,"Speed skating","3000m women"
1085,"Speed skating","Team pursuit women"
1086,"Speed skating","5000m men"
1087,"Speed skating","5000m women"
1088,"Speed skating","2x500m women"
1089,"Speed skating","Women's 1500m"
1090,"Speed skating","Women's 3000m"
1091,"Speed skating","Men's 500m"
1092,"Speed skating","500m men"
1093,"Speed skating","500m women"
1094,"Speed skating","Women's 500m"
1095,"Speed skating","Men's 1000m"
1096,"Speed skating","Women's Team Pursuit"
1097,"Speed skating","Ladies’ Mass Start"
1098,"Speed skating","Men’s 5000m"
1099,"Speed skating","Women's Mass Start"
1100,"Speed skating","Team pursuit men"
1101,"Speed skating","1000m women"
1102,"Sport Climbing","Men's Combined"
1103,"Sport Climbing","Women's Combined"
1104,"Surfing","Women"
1105,"Surfing","Men"
1106,"Swimming","200m obstacle event men"
1107,"Swimming","underwater swimming men"
1108,"Swimming","1000m freestyle men"
1109,"Swimming","880y freestyle 80466m men"
1110,"Swimming","100m freestyle for sailors men"
1111,"Swimming","1200m freestyle men"
1112,"Swimming","220 yard Freestyle Men"
1113,"Swimming","200m team swimming men"
1114,"Swimming","4000m freestyle men"
1115,"Swimming","50y freestyle 4572m men"
1116,"Swimming","4x200m freestyle relay women"
1117,"Swimming","Mixed 4 x 100m Medley Relay"
1118,"Swimming","100m backstroke men"
1119,"Swimming","4x100m freestyle relay men"
1120,"Swimming","100m breaststroke women"
1121,"Swimming","100m backstroke women"
1122,"Swimming","4x200m freestyle relay men"
1123,"Swimming","4x100m medley relay women"
1124,"Swimming","200m individual medley men"
1125,"Swimming","200m breaststroke women"
1126,"Swimming","50m freestyle women"
1127,"Swimming","400m freestyle men"
1128,"Swimming","1500m freestyle men"
1129,"Swimming","200m freestyle men"
1130,"Swimming","200m breaststroke men"
1131,"Swimming","100m freestyle women"
1132,"Swimming","Men's 400m Individual Medley"
1133,"Swimming","100m butterfly men"
1134,"Swimming","100m freestyle men"
1135,"Swimming","50m freestyle men"
1136,"Swimming","200m backstroke men"
1137,"Swimming","100m butterfly women"
1138,"Swimming","800m freestyle women"
1139,"Swimming","200m backstroke women"
1140,"Swimming","200m butterfly women"
1141,"Swimming","200m butterfly men"
1142,"Swimming","200m freestyle women"
1143,"Swimming","100m breaststroke men"
1144,"Swimming","4x100m freestyle men"
1145,"Swimming","400m individual medley men"
1146,"Swimming","4x100m freestyle relay women"
1147,"Swimming","400m individual medley women"
1148,"Swimming","200m individual medley women"
1149,"Swimming","400m breaststroke men"
1150,"Swimming","400m freestyle women"
1151,"Swimming","Men's 100m Breaststroke"
1152,"Swimming","Women's 800m Freestyle"
1153,"Swimming","Women's 100m Breaststroke"
1154,"Swimming","Men's 200m Breaststroke"
1155,"Swimming","Women's 50m Freestyle"
1156,"Swimming","Women's 200m Backstroke"
1157,"Swimming","Women's 1500m Freestyle"
1158,"Swimming","Men's 400m Freestyle"
1159,"Swimming","Men's 200m Butterfly"
1160,"Swimming","Men's 4 x 100m Medley Relay"
1161,"Swimming","Women's 400m Individual Medley"
1162,"Swimming","Men's 100m Freestyle"
1163,"Swimming","Women's 200m Breaststroke"
1164,"Swimming","Women's 100m Backstroke"
1165,"Swimming","Men's 50m Freestyle"
1166,"Swimming","Men's 200m Freestyle"
1167,"Swimming","Men's 100m Butterfly"
1168,"Swimming","Women's 100m Freestyle"
1169,"Swimming","Men's 1500m Freestyle"
1170,"Swimming","Women's 200m Freestyle"
1171,"Swimming","Women's 4 x 100m Freestyle Relay"
1172,"Swimming","Men's 800m Freestyle"
1173,"Swimming","4x100m medley relay men"
1174,"Swimming","Women's 100m Butterfly"
1175,"Swimming","Men's 4 x 200m Freestyle Relay"
1176,"Swimming","Women's 400m Freestyle"
1177,"Swimming","Men's 200m Individual Medley"
1178,"Swimming","Women's 200m Individual Medley"
1179,"Swimming","Women's 4 x 100m Medley Relay"
1180,"Swimming","Men's 4 x 100m Freestyle Relay"
1181,"Swimming","Women's 4 x 200m Freestyle Relay"
1182,"Synchronized Swimming","team women"
1183,"Synchronized Swimming","Duet Women"
1184,"Synchronized Swimming","solo women"
1185,"Synchronized Swimming","duet women"
1186,"Table Tennis","team women"
1187,"Table Tennis","doubles men"
1188,"Table Tennis","Women's Team"
1189,"Table Tennis","Men's Singles"
1190,"Table Tennis","Mixed Doubles"
1191,"Table Tennis","Women's Singles"
1192,"Table Tennis","Men's Team"
1193,"Table Tennis","Singles women"
1194,"Table Tennis","Team men"
1195,"Table Tennis","Singles men"
1196,"Taekwondo","Beijing 2008 Taekwondo - 58 kg men"
1197,"Taekwondo","Athens 2004 Taekwondo - 58 kg men"
1198,"Taekwondo","Athens 2004 Taekwondo - 49 kg women"
1199,"Taekwondo","58 kg men"
1200,"Taekwondo","49 - 57 kg women"
1201,"Taekwondo","+ 80 kg men"
1202,"Taekwondo","67 kg women"
1203,"Taekwondo","58 - 68 kg men"
1204,"Taekwondo","68 - 80 kg men"
1205,"Taekwondo","- 58 kg men"
1206,"Taekwondo","- 49 kg women"
1207,"Taekwondo","57 - 67 kg women"
1208,"Taekwondo","Beijing 2008 Taekwondo - 49 kg women"
1209,"Taekwondo","49 kg women"
1210,"Taekwondo","80 kg men"
1211,"Taekwondo","+ 67 kg women"
1212,"Taekwondo","Women -67kg"
1213,"Taekwondo","Women -57kg"
1214,"Taekwondo","Men -58kg"
1215,"Taekwondo","Women -49kg"
1216,"Taekwondo","Men +80kg"
1217,"Taekwondo","Women +67kg"
1218,"Taekwondo","Men -80kg"
1219,"Taekwondo","Men -68kg"
1220,"Tennis","singles indoor men"
1221,"Tennis","mixed doubles mixed"
1222,"Tennis","doubles men"
1223,"Tennis","Men's Singles"
1224,"Tennis","doubles indoor men"
1225,"Tennis","mixed doubles indoor mixed"
1226,"Tennis","doubles women"
1227,"Tennis","singles indoor women"
1228,"Tennis","Singles women"
1229,"Tennis","Men's Doubles"
1230,"Tennis","Singles men"
1231,"Tennis","Women's Doubles"
1232,"Tennis","Mixed Doubles"
1233,"Tennis","Women's Singles"
1234,"Trampoline","Individual men"
1235,"Trampoline","Individual women"
1236,"Trampoline Gymnastics","Men"
1237,"Triathlon","Women's Individual"
1238,"Triathlon","Mixed Relay"
1239,"Triathlon","Men's Individual"
1240,"Triathlon","Individual women"
1241,"Triathlon","Individual men"
1242,"Tug of War","tug of war men"
1243,"Volleyball","Women"
1244,"Volleyball","volleyball women"
1245,"Volleyball","Men"
1246,"Volleyball","volleyball men"
1247,"Water Motorsports","open class A men"
1248,"Water Polo","water polo women"
1249,"Water Polo","Women"
1250,"Water Polo","Men"
1251,"Water Polo","water polo men"
1252,"Weightlifting","825kg onetwo hand 3 events heavyweight men"
1253,"Weightlifting","60kg onetwo hand 5 events featherweight men"
1254,"Weightlifting","75  825kg onetwo hand 5 e lightheavyweight men"
1255,"Weightlifting","75  825kg onetwo hand 3 e lightheavyweight men"
1256,"Weightlifting","675  75kg onetwo hand 5 events middleweight men"
1257,"Weightlifting","56kg bantamweight men"
1258,"Weightlifting","675  75kg onetwo hand 3 events middleweight men"
1259,"Weightlifting","67.5 - 75kg, (middleweight) men"
1260,"Weightlifting","60kg onetwo hand 3 events featherweight men"
1261,"Weightlifting","60  675kg onetwo hand 3 events lightweight men"
1262,"Weightlifting","60  675kg onetwo hand 5 events lightweight men"
1263,"Weightlifting","825kg onetwo hand 5 events heavyweight men"
1264,"Weightlifting","90 - 100kg (first-heavyweight) men"
1265,"Weightlifting","77kg men"
1266,"Weightlifting","Men's 61kg"
1267,"Weightlifting","Women's 55kg"
1268,"Weightlifting","Men's 67kg"
1269,"Weightlifting","Men's 81kg"
1270,"Weightlifting","Women's 87kg"
1271,"Weightlifting","Men's +109kg"
1272,"Weightlifting","Women's 59kg"
1273,"Weightlifting","Women's 64kg"
1274,"Weightlifting","Men's 73kg"
1275,"Weightlifting","Women's 49kg"
1276,"Weightlifting","Men's 96kg"
1277,"Weightlifting","All-around Dumbbell contest men"
1278,"Weightlifting","48kg women"
1279,"Weightlifting","heavyweight - two hand lift men"
1280,"Weightlifting","Men's 109kg"
1281,"Weightlifting","75kg women"
1282,"Weightlifting","63kg women"
1283,"Weightlifting","105kg heavyweight men"
1284,"Weightlifting","-56kg (bantamweight) men"
1285,"Weightlifting","53kg women"
1286,"Weightlifting","85kg men"
1287,"Weightlifting","62kg featherweight men"
1288,"Weightlifting","+105kg men"
1289,"Weightlifting","94kg men"
1290,"Weightlifting","69kg women"
1291,"Weightlifting","69kg men"
1292,"Weightlifting","Women's 76kg"
1293,"Weightlifting","58kg women"
1294,"Weightlifting","heavyweight - one hand lift men"
1295,"Weightlifting","64  70kg lightweight men"
1296,"Weightlifting","91 - 99kg (first-heavyweight) men"
1297,"Weightlifting","99  108kg heavyweight men"
1298,"Weightlifting","82.5kg heavyweight men"
1299,"Weightlifting","90kg heavyweight men"
1300,"Weightlifting","60 - 67.5kg (lightweight) men"
1301,"Weightlifting","60kg featherweight men"
1302,"Weightlifting","60-67.5kg lightweight men"
1303,"Weightlifting","+75kg women"
1304,"Weightlifting","105kg superheavyweight men"
1305,"Weightlifting","76  83kg lightheavyweight men"
1306,"Weightlifting","54  59kg bantamweight men"
1307,"Weightlifting","108kg super heavyweight men"
1308,"Weightlifting","59  64kg featherweight men"
1309,"Weightlifting","82.5 - 90kg (middle-heavyweight) men"
1310,"Weightlifting","90  100kg firstheavyweight men"
1311,"Weightlifting","56kg men"
1312,"Weightlifting","75  825kg lightheavyweight men"
1313,"Weightlifting","70  76kg middleweight men"
1314,"Weightlifting","54kg flyweight men"
1315,"Weightlifting","825  90kg middleheavyweight men"
1316,"Weightlifting","52kg flyweight men"
1317,"Weightlifting","- 52kg (flyweight) men"
1318,"Weightlifting","91  110kg heavyweight men"
1319,"Weightlifting","100  110kg heavyweight men"
1320,"Weightlifting","83 - 91kg middle-heavyweight men"
1321,"Weightlifting","110kg super heavyweight men"
1322,"Weightlifting","75-82.5kg total lightheavyweight men"
1323,"Weightlifting","52  56kg bantamweight men"
1324,"Weightlifting","825  90kg total middleheavyweight men"
1325,"Weightlifting","56 - 60kg (featherweight) men"
1326,"Weightlifting","67.5-75kg middleweight men"
1327,"Wrestling","Light-Flyweight, Freestyle (≤105 pounds) Men"
1328,"Wrestling","Welterweight, Freestyle (≤158 pounds) Men"
1329,"Wrestling","Welterweight, Freestyle (≤73 kilograms) Men"
1330,"Wrestling","Heavyweight, Freestyle (>158 pounds) Men"
1331,"Wrestling","Middleweight, Greco-Roman (≤79 kilograms) Men"
1332,"Wrestling","Light-Heavyweight, Freestyle (≤87 kilograms) Men"
1333,"Wrestling","Welterweight, Greco-Roman (≤73 kilograms) Men"
1334,"Wrestling","Middleweight, Freestyle (≤79 kilograms) Men"
1335,"Wrestling","Light-Heavyweight, Greco-Roman (≤82.5 kilograms) Men"
1336,"Wrestling","Lightweight, Freestyle (≤67 kilograms) Men"
1337,"Wrestling","Lightweight, Greco-Roman (≤66.6 kilograms) Men"
1338,"Wrestling","Middleweight, Greco-Roman (≤73 kilograms) Men"
1339,"Wrestling","Heavyweight, Greco-Roman (>93 kilograms) Men"
1340,"Wrestling","Light-Heavyweight, Greco-Roman (≤93 kilograms) Men"
1341,"Wrestling","Heavyweight, Freestyle (>73 kilograms) Men"
1342,"Wrestling","Middleweight, Greco-Roman (≤82 kilograms) Men"
1343,"Wrestling","Freestyle 69 kg women"
1344,"Wrestling","Freestyle 48 kg women"
1345,"Wrestling","Welterweight, Greco-Roman (≤74 kilograms) Men"
1346,"Wrestling","Light-Flyweight, Greco-Roman (≤48 kilograms) Men"
1347,"Wrestling","Heavyweight, Greco-Roman (≤100 kilograms) Men"
1348,"Wrestling","Lightweight, Freestyle (≤68 kilograms) Men"
1349,"Wrestling","Featherweight, Greco-Roman (≤62 kilograms) Men"
1350,"Wrestling","Lightweight, Greco-Roman (≤68 kilograms) Men"
1351,"Wrestling","Light-Heavyweight, Greco-Roman (≤87 kilograms) Men"
1352,"Wrestling","Heavyweight, Freestyle (>87 kilograms) Men"
1353,"Wrestling","Lightweight, Greco-Roman (≤67 kilograms) Men"
1354,"Wrestling","Heavyweight, Greco-Roman (>87 kilograms) Men"
1355,"Wrestling","Flyweight, Freestyle (≤52 kilograms) Men"
1356,"Wrestling","Lightweight, Greco-Roman (≤70 kilograms) Men"
1357,"Wrestling","Freestyle 86 kg men"
1358,"Wrestling","Super-Heavyweight, Freestyle (>100 kilograms) Men"
1359,"Wrestling","Super-Heavyweight, Greco-Roman (>100 kilograms) Men"
1360,"Wrestling","Middleweight, Freestyle (≤82 kilograms) Men"
1361,"Wrestling","Welterweight, Greco-Roman (≤78 kilograms) Men"
1362,"Wrestling","Light-Heavyweight, Freestyle (≤97 kilograms) Men"
1363,"Wrestling","Welterweight, Freestyle (≤78 kilograms) Men"
1364,"Wrestling","Featherweight, Greco-Roman (≤63 kilograms) Men"
1365,"Wrestling","Men's Freestyle 57kg"
1366,"Wrestling","Women's Freestyle 53kg"
1367,"Wrestling","Men's Greco-Roman 97kg"
1368,"Wrestling","Men's Freestyle 74kg"
1369,"Wrestling","Men's Freestyle 65kg"
1370,"Wrestling","Men's Freestyle 86kg"
1371,"Wrestling","Men's Greco-Roman 77kg"
1372,"Wrestling","Women's Freestyle 68kg"
1373,"Wrestling","Women's Freestyle 50kg"
1374,"Wrestling","Men's Greco-Roman 67kg"
1375,"Wrestling","Women's Freestyle 76kg"
1376,"Wrestling","Men's Greco-Roman 130kg"
1377,"Wrestling","Men's Greco-Roman 87kg"
1378,"Wrestling","Men's Greco-Roman 60kg"
1379,"Wrestling","Women's Freestyle 57kg"
1380,"Wrestling","Men's Freestyle 125kg"
1381,"Wrestling","Women's Freestyle 62kg"
1382,"Wrestling","Men's Freestyle 97kg"
1383,"Wrestling","Light-Heavyweight, Greco-Roman (≤97 kilograms) Men"
1384,"Wrestling","Lightweight, Freestyle (≤70 kilograms) Men"
1385,"Wrestling","Featherweight, Freestyle (≤63 kilograms) Men"
1386,"Wrestling","Middleweight, Freestyle (≤87 kilograms) Men"
1387,"Wrestling","Middleweight, Greco-Roman (≤87 kilograms) Men"
1388,"Wrestling","Greco-Roman 59 kg men"
1389,"Wrestling","Greco-Roman 130 kg men"
1390,"Wrestling","Greco-Roman 85kg men"
1391,"Wrestling","Light-Heavyweight, Freestyle (≤85 kilograms) Men"
1392,"Wrestling","Super-Heavyweight, Freestyle (≤130 kilograms) Men"
1393,"Wrestling","Super-Heavyweight, Greco-Roman (≤130 kilograms) Men"
1394,"Wrestling","Light-Heavyweight, Greco-Roman (≤85 kilograms) Men"
1395,"Wrestling","Lightweight, Greco-Roman (≤63 kilograms) Men"
1396,"Wrestling","Middleweight, Freestyle (≤76 kilograms) Men"
1397,"Wrestling","Bantamweight, Freestyle (≤54 kilograms) Men"
1398,"Wrestling","Welterweight, Freestyle (≤69 kilograms) Men"
1399,"Wrestling","Bantamweight, Greco-Roman (≤54 kilograms) Men"
1400,"Wrestling","Freestyle 96 kg men"
1401,"Wrestling","Freestyle 60 kg men"
1402,"Wrestling","Greco-Roman 120 kg men"
1403,"Wrestling","Welterweight, Greco-Roman (≤69 kilograms) Men"
1404,"Wrestling","Greco-Roman 74 kg men"
1405,"Wrestling","Greco-Roman 96 kg men"
1406,"Wrestling","Freestyle 84 kg men"
1407,"Wrestling","Freestyle 72 kg women"
1408,"Wrestling","Freestyle 55 kg men"
1409,"Wrestling","Greco-Roman 55 kg men"
1410,"Wrestling","Heavyweight, Freestyle (≤96 kilograms) Men"
1411,"Wrestling","Welterweight, Greco-Roman (≤66 kilograms) Men"
1412,"Wrestling","Super-Heavyweight, Greco-Roman (≤120 kilograms) Men"
1413,"Wrestling","Middleweight, Greco-Roman (≤75 kilograms) Men"
1414,"Wrestling","Lightweight, Greco-Roman (≤67.5 kilograms) Men"
1415,"Wrestling","Heavyweight, Freestyle (≤72 kilograms) Women"
1416,"Wrestling","Middleweight, Greco-Roman (≤74 kilograms) Men"
1417,"Wrestling","Lightweight, Freestyle (≤55 kilograms) Women"
1418,"Wrestling","Lightweight, Greco-Roman (≤60 kilograms) Men"
1419,"Wrestling","Welterweight, Freestyle (≤66 kilograms) Men"
1420,"Wrestling","Featherweight, Greco-Roman (≤55 kilograms) Men"
1421,"Wrestling","Light-Heavyweight, Greco-Roman (≤84 kilograms) Men"
1422,"Wrestling","Light-Heavyweight, Freestyle (≤84 kilograms) Men"
1423,"Wrestling","Heavyweight, Greco-Roman (≤96 kilograms) Men"
1424,"Wrestling","Lightweight, Freestyle (≤60 kilograms) Men"
1425,"Wrestling","Middleweight, Freestyle (≤63 kilograms) Women"
1426,"Wrestling","Super-Heavyweight, Freestyle (≤120 kilograms) Men"
1427,"Wrestling","Featherweight, Freestyle (≤55 kilograms) Men"
1428,"Wrestling","Bantamweight, Greco-Roman (≤58 kilograms) Men"
1429,"Wrestling","Featherweight, Greco-Roman (≤60 kilograms) Men"
1430,"Wrestling","Middleweight, Freestyle (≤74 kilograms) Men"
1431,"Wrestling","Flyweight, Freestyle (≤48 kilograms) Women"
1432,"Wrestling","Freestyle 66 kg men"
1433,"Wrestling","Freestyle 120kg men"
1434,"Wrestling","Greco-Roman 60 kg men"
1435,"Wrestling","Greco-Roman 84 kg men"
1436,"Wrestling","Bantamweight, Greco-Roman (≤57 kilograms) Men"
1437,"Wrestling","Freestyle 74 kg men"
1438,"Wrestling","Freestyle 97 kg men"
1439,"Wrestling","Greco-Roman 66 kg men"
1440,"Wrestling","Flyweight, Greco-Roman (≤52 kilograms) Men"
1441,"Wrestling","Heavyweight, Freestyle (≤100 kilograms) Men"
1442,"Wrestling","Featherweight, Freestyle (≤62 kilograms) Men"
1443,"Wrestling","Light-Flyweight, Freestyle (≤48 kilograms) Men"
1444,"Wrestling","Freestyle 57 kg men"
1445,"Wrestling","Greco-Roman 75 kg men"
1446,"Wrestling","Freestyle 63 kg women"
1447,"Wrestling","Freestyle 125 kg men"
1448,"Wrestling","Freestyle 58 kg women"
1449,"Wrestling","Greco-Roman 98 kg men"
1450,"Wrestling","Freestyle 65 kg men"
1451,"Wrestling","Middleweight B, Greco-Roman (≤82.5 kilograms) Men"
1452,"Wrestling","Middleweight A, Greco-Roman (≤75 kilograms) Men"
1453,"Wrestling","Freestyle 75 kg women"
1454,"Wrestling","Heavyweight, Greco-Roman (>82.5 kilograms) Men"
1455,"Wrestling","Light-Heavyweight, Freestyle (≤90 kilograms) Men"
1456,"Wrestling","Freestyle 53 kg women"
1457,"Wrestling","Bantamweight, Freestyle (≤57 kilograms) Men"
1458,"Wrestling","Light-Heavyweight, Greco-Roman (≤90 kilograms) Men"
1459,"Wrestling","Featherweight, Greco-Roman (≤58 kilograms) Men"
1460,"Wrestling","Heavyweight, Freestyle (>97 kilograms) Men"
1461,"Wrestling","Featherweight, Freestyle (≤61 kilograms) Men"
1462,"Wrestling","Featherweight, Greco-Roman (≤61 kilograms) Men"
1463,"Wrestling","Lightweight, Greco-Roman (≤66 kilograms) Men"
1464,"Wrestling","Lightweight, Freestyle (≤66 kilograms) Men"
1465,"Wrestling","Bantamweight, Greco-Roman (≤56 kilograms) Men"
1466,"Wrestling","Welterweight, Freestyle (≤72 kilograms) Men"
1467,"Wrestling","Bantamweight, Freestyle (≤56 kilograms) Men"
1468,"Wrestling","Welterweight, Greco-Roman (≤72 kilograms) Men"
1469,"Wrestling","Lightweight, Freestyle (≤63 kilograms) Men"
1470,"Wrestling","Heavyweight, Greco-Roman (>97 kilograms) Men"
1471,"Wrestling","Lightweight, Freestyle (≤67.5 kilograms) Men"
1472,"Wrestling","Middleweight, Freestyle (≤75 kilograms) Men"
1473,"Wrestling","Light-Heavyweight, Freestyle (≤82½ kilograms) Men"
1474,"Wrestling","Heavyweight, Freestyle (>82.5 kilograms) Men"
1475,"Wrestling","Middleweight, Greco-Roman (≤76 kilograms) Men"
1476,"Wrestling","Featherweight, Freestyle (≤58 kilograms) Men"
1477,"Wrestling","Unlimited Class, Greco-Roman Men"
1478,"Wrestling","Welterweight, Freestyle (≤74 kilograms) Men"
1479,"Wrestling","Freestyle 55 kg women"
